D20210610,D20210622,D20210704,D20210716,D20210728,D20210809,D20210821,D20210902,D20210914,D20210926,D20211008,D20211020,D20211101,D20211113,D20211125,D20211207,D20211219,D20211231,D20220112,D20220124,D20220205,D20220217,D20220301,D20220313,D20220325,D20220406,D20220418,D20220430,D20220512,D20220524,D20220605,D20220617,D20220629,D20220711,D20220723,D20220804,D20220816,D20220828,D20220909,D20220921,D20221003,D20221015,D20221027,D20221108,D20221120,D20221202,D20221214,D20221226,D20230107,D20230119,D20230131,D20230212,D20230224,D20230308,D20230320,D20230401,D20230413,D20230425,D20230507,D20230519,D20230531,D20230612,D20230624,D20230706,D20230718,D20230730,D20230811,D20230823,D20230904,D20230916,D20230928,D20231010,D20231022,D20231103,D20231115,D20231127,D20231209,D20231221,D20240102,D20240114,D20240126,D20240207,D20240219
0.7036581,0.58927155,0.75376177,0.9548962,1.1152395,1.1041821,1.0959663,1.1167508,1.0715363,1.0758314,1.1872663,1.1761264,1.0908853,0.96905863,0.86119956,0.85049105,0.7918685,0.7355168,0.6466021,0.61696464,0.7388203,0.7542167,0.84944487,0.9954111,1.047417,0.94329405,0.9133685,0.9036165,0.84674233,0.80209684,0.87666965,0.8415616,0.9244902,1.0103285,0.9955452,0.9731071,1.0206327,0.9782303,1.023688,1.1020749,1.132932,1.103508,1.1364083,1.2205192,0.9116679,0.8927528,0.963841,0.9116544,0.8977222,0.9842121,0.9444588,0.9457126,0.97871596,0.9437474,1.0280075,1.0596071,1.0740767,1.1230683,1.1578289,1.107988,1.1269754,1.053394,0.9398914,1.0125375,1.0440307,0.9275595,1.1309571,1.2588224,1.2553742,1.2749813,1.2884717,1.1496027,1.0603895,0.95268,0.8840857,0.8036254,0.9550453,0.8336801,0.83013827,0.69005245,0.697404,0.7907535,0.8048547
1.0158622,1.0035193,1.0319272,1.1653295,1.2700475,1.2608092,1.2322439,1.24235,1.1811184,1.1186072,1.1297454,1.0798804,0.98998415,0.9529235,0.93593717,0.950174,1.0239925,1.0484804,1.0522428,1.0862837,1.1491164,1.158122,1.1764967,1.2254057,1.2706918,1.2815106,1.2771347,1.2676917,1.2941467,1.3694439,1.3908341,1.3739921,1.3636552,1.3098619,1.288444,1.2661718,1.2859452,1.2407044,1.2514575,1.243655,1.1704564,1.0599346,1.0302471,1.0720288,0.7755862,0.94190264,1.0966679,1.0688076,0.98457944,1.0086877,0.94723046,1.0243708,1.1597829,1.2019508,1.2970067,1.3815681,1.4136287,1.3993586,1.4199216,1.3939595,1.389692,1.349702,1.2666242,1.2133487,1.1074495,1.0551258,1.1855785,1.2614156,1.2567749,1.2987638,1.2632929,1.1840919,1.1165184,1.0052406,0.88178074,0.8568996,1.0026972,0.9010131,0.86017364,0.859412,0.82884336,0.9596099,0.91511726
0.7564353,0.7940913,0.7646417,0.9096237,0.89508677,0.8713158,0.92478794,0.9658138,0.9535017,0.8815629,0.9306485,0.9446739,0.9933435,0.96748286,0.9262863,0.9461673,0.9391162,0.9280368,0.9650294,1.0342354,1.0881493,1.1037579,1.1177409,1.1421201,1.1626555,1.1609113,1.1329176,1.073478,1.0175322,1.035709,1.088675,1.0615759,1.1816708,1.2318538,1.2452347,1.2192838,1.2761335,1.2283254,1.2371163,1.253727,1.2521079,1.2723684,1.3128964,1.2744715,0.9618898,1.200096,1.2940503,1.1734494,1.1170176,1.137483,1.0994612,1.1091915,1.14734,1.1562555,1.2495811,1.216616,1.2169251,1.2267078,1.2447673,1.126438,1.1945311,1.1247746,0.9941221,1.0004245,0.96549577,0.9114371,0.98301435,1.1029519,1.0926002,1.181271,1.1740055,1.1606642,1.1416849,1.1121994,1.0975602,1.0055871,0.96592957,0.94626975,0.94180757,0.8502358,0.8816609,1.0225198,0.98942965
0.6309239,0.6530542,0.80981255,0.98233175,1.1010575,1.0882283,1.1322358,1.1980602,1.2132225,1.2000341,1.1322349,1.176538,1.1628406,1.1353039,1.108993,1.1565738,1.0974661,1.022424,1.003205,1.0052456,0.9587807,0.87773263,0.83474946,0.84167224,0.8335017,0.7487641,0.6791033,0.6765807,0.6895931,0.6638235,0.70562404,0.81989956,0.8483705,0.9033264,1.0158451,0.98254436,0.97781533,0.9550729,1.0761348,1.1552566,1.1539109,1.1283082,1.1473646,1.1515435,0.8480381,1.0883435,1.2370483,1.2176557,1.1778617,1.0331565,1.0267212,0.96443796,0.78659964,0.6937609,0.6370791,0.7226533,0.65109205,0.648928,0.6482289,0.70993364,0.7304266,0.61881703,0.7019853,0.61771387,0.724881,0.7691067,1.0671853,1.1503751,1.1744101,1.173794,1.1934788,1.1941969,1.1364404,1.0669701,1.0910784,1.1352649,1.1862,1.1337434,1.0988705,1.1237742,1.0404406,0.93752486,0.866805
0.43939367,0.6027762,0.6779854,0.90287024,0.92470527,0.92253435,1.0763416,1.1001832,1.1510412,1.2524773,1.1901524,1.2432907,1.1340458,1.0802532,1.0447673,1.0090858,0.8764538,0.91359246,0.932364,0.9199281,0.98813653,1.00127,1.0628898,1.1573857,1.1801623,1.0795856,1.0804423,1.1372887,1.0972532,0.94535846,1.102583,0.9905462,0.95075417,0.892271,0.9916466,0.91833866,1.0048865,1.0559876,1.1399633,1.1937013,1.1815549,1.1273737,1.2122293,1.3561668,1.0386066,1.2646549,1.3920376,1.2783306,1.1325681,1.1885406,1.1153047,1.0334367,0.9943468,0.88232464,0.81054306,0.7040305,0.8163978,0.9570179,0.9774018,1.0820926,1.167409,1.029799,0.94143564,0.929567,0.83372015,0.8844026,1.1570821,1.2035716,1.1038437,1.294645,1.261985,1.2683253,1.2673314,1.2233741,1.0837553,1.0071659,1.0127453,1.1910319,1.1016856,0.9587178,0.8542026,0.8572709,0.79008925
0.85744244,0.86772305,0.89192724,1.0035067,1.0785443,1.0514116,1.0725136,1.0475544,1.0662006,1.020976,1.0918888,1.0776075,1.0648965,1.0052557,1.0179607,0.95740044,0.90979993,0.980043,1.0128917,0.9630608,0.88015234,0.88089055,0.94040626,0.9915309,0.9884996,0.9120384,0.83580637,0.7286259,0.61207527,0.66089535,0.8413086,0.80367583,0.9114062,1.0089983,1.0101228,1.0284873,1.1898758,1.2245541,1.1690863,1.1426208,1.1437492,1.0990505,1.1043745,1.1666831,0.86194533,1.0908927,1.1707746,1.0183667,0.9690785,1.0344622,0.9605829,0.94410866,0.984109,0.96861887,1.0905298,1.0677367,1.0573912,1.0566946,1.1480535,0.98328745,1.0038079,0.996763,0.8641917,0.7624957,0.74931496,0.71614355,0.90967983,0.98444116,0.98481214,1.0258586,1.050045,1.1729213,1.199492,1.137006,1.0944449,1.033602,1.0277319,1.0943093,1.0763154,0.98912126,1.0982214,1.187324,1.187043
1.1174921,1.199235,1.2556047,1.1763018,1.0061483,1.0038352,1.0155356,0.88583165,0.92021894,1.0239167,1.0064647,0.84360415,0.8076831,0.66583437,0.5885741,0.5848436,0.7280828,0.64448833,0.60184443,0.7527851,0.88511956,0.8290767,0.86199313,1.0168605,1.111145,1.0901885,1.1549731,1.1531363,1.0752903,1.0422668,0.9839653,0.80629975,0.9791486,0.99928284,0.9438153,1.0205415,1.1626163,1.0310835,1.0838057,1.0818809,0.97814596,1.0024832,1.060069,0.9091911,0.6307822,0.5896101,0.6955158,0.67981,0.4981355,0.65887076,0.611541,0.61146754,0.6707315,0.6662977,0.88112366,0.9520552,1.0419261,1.071964,1.1034789,1.0372497,1.0310225,0.9822414,0.8134362,0.8708931,0.7309422,0.6377883,0.6464329,0.9556663,0.8002794,0.83607227,0.8608923,0.8188336,0.8192605,0.6803485,0.57922393,0.5599918,0.5609812,0.58170205,0.49414915,0.5022009,0.45222437,0.6435026,0.5345559
1.0530474,1.0401194,1.1154755,1.0919006,1.0558805,1.1025009,1.1732329,1.0785772,1.0509775,1.1558391,1.139946,1.1462173,1.0934224,1.0267495,0.8794527,0.8449542,0.8833615,0.7614227,0.6713897,0.74933,0.8395733,0.82087207,0.8526109,0.93904597,0.95366055,0.86460894,1.0083334,1.0903054,1.0626378,1.0252887,0.99984074,0.9166419,0.9730013,1.0211391,0.989683,0.9516997,0.9707307,1.0116267,1.1932956,1.2355447,1.1368554,1.0419741,1.1107879,1.1983477,0.891141,1.1318837,1.2479428,1.1216974,0.9773092,1.0170176,0.93531615,0.97840494,1.1086192,1.1651323,1.26344,1.1924484,1.1145047,1.0343771,1.0252434,0.94241387,1.0796556,0.9729287,0.9719964,1.130622,1.0612524,1.0172527,1.0992059,1.1147454,1.0672781,1.1540661,1.201361,1.2212331,1.1525292,1.0595539,0.9443607,0.8802201,1.0987844,1.1452528,1.1143104,0.98827773,1.0281572,1.0420526,1.0449644
1.0600948,0.9708543,1.1134471,1.1102064,1.0840194,1.1206869,1.1414391,1.1240356,1.1237539,1.1261466,1.0589455,1.0416456,0.9845713,1.0849689,0.9782276,0.8901281,0.9110921,0.84380126,0.74867547,0.7470222,0.8855853,1.085568,1.2310485,1.3048682,1.3068998,1.2378166,1.1685725,1.1863424,1.1880381,1.1093764,1.2526248,1.1917136,1.2434481,1.1920888,1.2664686,1.1349115,1.2554201,1.2740762,1.2716829,1.2676803,1.2420847,1.1941905,1.173479,1.153979,0.85027295,0.9853766,1.0584369,0.9455838,0.89973277,0.93815875,0.96033233,1.1303893,1.2629921,1.2623676,1.354424,1.3317316,1.324066,1.2358108,1.27543,1.2167611,1.2453929,1.3645848,1.2995402,1.300221,1.2304775,1.1991509,1.1424074,1.1386861,1.0679955,1.112908,1.060802,1.0767229,1.0533735,1.1361607,1.012506,0.95301324,1.0806606,1.0565507,0.90324575,0.83513594,0.8232651,0.84657043,0.80266714
0.6727607,1.0996677,1.0911902,0.995414,0.99922174,1.0119625,1.0794427,0.9730651,1.0948844,1.3054572,1.3117123,1.2340636,1.2431519,1.2666222,1.143132,1.1271713,1.0251812,0.9367298,0.97216445,1.0402052,1.0443476,1.0706303,1.1457024,1.212655,1.2002221,1.084353,1.0898514,1.0753067,0.98303115,0.9159981,0.9034987,0.7801397,0.7988823,1.0368056,1.0304409,1.1174463,1.1362175,1.2895699,1.1353617,1.0436201,1.1391915,1.0829704,0.99029124,1.0939825,0.7954866,0.95115834,1.1707736,1.2093129,1.1546652,1.2385002,1.1081309,1.0339177,1.1353219,1.2004154,1.26362,1.3122897,1.2747082,1.262415,1.3044634,1.2774787,1.3272506,1.1423088,0.94612134,1.0942645,0.9472625,0.88200104,1.0594594,1.1608778,0.9883117,1.0415227,1.1798946,1.1268847,1.12777,1.0867636,1.0375613,0.99651015,1.1555803,1.1981341,1.179548,1.0395212,1.016021,1.0861772,1.1388909
1.3584126,1.3216265,1.3416219,1.3255894,1.3176961,1.1670829,1.109969,0.8966523,0.7775824,0.6766267,0.6078834,0.5365017,0.7140936,0.8284207,0.68061644,0.62750447,0.5797869,0.60819626,0.63421714,0.699049,0.8297854,0.8612078,0.94699514,1.0582811,1.0658236,0.8828651,0.79284704,0.7469183,0.64926213,0.6356012,0.84317005,0.8634652,1.0773896,1.2051753,1.2567407,1.3041904,1.3256902,1.1946234,1.0083989,0.8934704,0.8811585,0.88385266,0.87000674,0.8100285,0.54540586,0.54218507,0.7014589,0.73017925,0.6217765,0.7478317,0.6130395,0.674684,0.79827505,0.6716019,0.8030225,0.70972264,0.7842779,0.809022,0.8846839,0.71524197,0.8442526,0.7964917,0.8500361,0.8371536,0.7139895,0.70535666,0.7749811,0.81410027,0.8069546,0.9077372,0.78,0.8443429,0.7549757,0.8518836,0.75350875,0.7420673,0.88743395,0.78073615,0.68925387,0.7833669,0.6846233,0.7729503,0.6833997
1.0396078,1.0336516,1.0580361,1.1024222,1.1072094,1.0183566,1.0458618,0.9109079,0.751601,0.6825604,0.72267175,0.7377955,0.7611994,0.85051566,0.712761,0.76586616,0.6767902,0.8591653,0.9885839,1.0123503,1.0234642,1.0624654,1.1171764,1.1554296,1.1412252,1.0467207,0.94107425,0.91665286,0.9429799,0.9370421,0.9098013,0.84136057,1.0093843,0.9903701,0.97319454,1.0505935,1.1609317,0.9893418,0.95929074,0.9560449,0.9240094,1.009937,1.1052245,1.0323799,0.7398584,0.7963887,0.93898535,0.9151062,0.7513659,0.8376847,0.75467944,0.81166035,0.9101192,0.85688823,1.048867,1.0419457,1.0027791,1.0233545,0.99806595,0.8673687,1.0283757,1.068034,1.0162317,1.0929973,0.95796424,0.85510707,0.8737832,0.97992134,0.858561,0.9954505,0.93522227,0.9205805,0.8152013,0.78527665,0.76243067,0.79055285,0.826195,0.7059368,0.5891381,0.59155905,0.6749592,0.78649676,0.7641312
0.96945083,1.034143,1.0063443,1.025693,0.9523918,0.85760397,0.9279374,0.88050824,1.0021828,0.99909455,0.96620286,0.9066411,0.8826403,0.7992764,0.7774244,0.7813961,0.80280215,0.7645839,0.7244961,0.7330233,0.76221246,0.7184294,0.6644642,0.69973946,0.85998774,1.0190638,0.98182833,0.9781616,1.0759046,1.1627004,1.1909715,1.1584395,1.1607572,1.1059656,1.1265688,1.1168354,1.1036606,1.0813276,1.1164433,1.0907365,1.0280973,1.0672638,1.12855,1.0351613,0.7423555,0.7963176,0.8125155,0.8236467,1.0644975,1.1571343,1.17292,1.2469009,1.3180717,1.320628,1.3616835,1.3104302,1.2918665,1.2814339,1.2275609,1.1282297,1.1611702,1.1098135,1.0154028,1.0468484,0.99686086,0.957154,0.9539742,0.9681479,0.8750398,0.88761103,0.8788296,0.88767475,0.959341,0.9419187,0.9505242,0.97470313,0.92366016,0.90532506,0.8934262,0.8040758,0.7821216,0.9221595,0.8467559
1.0651335,1.1186558,1.0208493,0.95957166,1.1024845,1.01599,0.88138926,0.84230036,0.7825333,0.86068326,0.8150056,0.73737186,0.7675468,0.6817897,0.6104935,0.5592952,0.54947054,0.5701725,0.59241045,0.64669454,0.76991117,0.9098685,0.9743731,0.96862614,0.9356541,0.91964835,0.87628675,0.80787057,0.8453225,0.98576975,0.9374877,1.005678,0.9914707,0.8301657,0.8804876,0.8950346,0.83308876,0.9176837,0.9930483,1.015658,0.98424816,0.9038275,0.8940316,0.9565522,0.67235094,0.8435628,0.92376477,0.79250497,0.70507056,0.72372437,0.6253395,0.7170893,0.8001578,0.7457512,1.0891863,1.0830972,1.1709492,1.2313327,1.2470255,1.2003964,1.2379833,1.2160394,1.1164553,1.0754514,0.9180586,0.8271057,0.8684483,0.9194945,0.8343074,0.8214639,0.8303829,0.8695092,0.89364433,0.7952398,0.7101116,0.67044413,0.8109722,0.74715316,0.6932347,0.59318954,0.53875,0.85546786,0.71904075
0.74223256,0.80581725,0.8563515,0.8516801,0.7959381,0.7663309,0.7636051,0.8057085,0.8343628,0.94810796,0.9315339,0.94613844,0.9527338,0.944209,0.95346963,0.8710908,0.8923635,0.9717232,0.921607,0.80723673,0.82911307,0.75933844,0.69754714,0.7294008,0.7753135,0.7430977,0.671662,0.57424504,0.5536827,0.6921424,0.78950906,0.8084207,0.791819,0.78073734,0.79764736,0.71129346,0.8134397,0.75745976,0.7939521,0.8213616,0.82408226,0.90770805,1.0687872,1.1458942,0.8428574,0.9040765,1.0165616,1.0085365,1.0565114,1.1852523,1.1338489,1.1233958,1.1850588,1.1811913,1.184636,1.2239455,1.2218482,1.2183938,1.1805952,1.0610194,1.1005055,0.9985589,0.81884336,0.8213274,0.6825096,0.6624286,1.0051552,1.2051599,1.0983981,1.0861596,1.0544809,1.0947354,1.1673932,1.082252,1.0048244,0.96800107,1.0842941,1.0274796,0.93666714,0.8848911,0.9347098,1.023874,1.0926198
1.1924326,1.095674,1.0588179,1.2711352,1.2219735,1.184232,1.0022068,0.9677832,0.9566676,1.0205891,1.0485336,0.8520096,0.8868629,0.90233964,0.8299314,0.83982146,0.6934364,0.6311917,0.4874129,0.534401,0.93706524,1.0642756,1.0599217,1.0130495,0.99038243,0.9876031,0.7988793,0.66100484,0.6898417,0.63595337,0.625839,0.797757,1.006869,1.0087422,0.9022939,0.7216755,0.6838725,0.7126381,1.0160407,1.0571136,0.8458633,0.6184013,0.7859362,0.99428165,0.7058002,0.9386986,0.9839473,0.8448204,0.9319508,0.803924,0.67489076,0.8532304,0.98567164,0.9269119,1.0649025,0.92498493,0.8842894,0.9267636,1.0282779,1.0746346,1.2473241,1.2739851,1.2158566,1.0088907,0.8577039,0.66955656,0.8343779,0.94249344,0.9328772,0.85156405,0.7897707,0.88779014,0.9657748,1.0005591,0.8973043,1.0095557,1.0686992,0.9058821,0.8660584,0.7231629,0.85106754,0.7496877,0.68512475
1.0754693,1.0848206,1.1101929,1.1112627,1.147772,1.0761946,1.021442,0.9334663,0.95271856,0.96785796,0.91265166,0.93117315,0.8665982,0.8358162,0.8356382,0.6840354,0.65497625,0.7175753,0.63454974,0.56606513,0.80137134,0.94774145,1.0326722,1.0769936,1.0567756,0.9340627,0.73798656,0.5417417,0.4686689,0.5673086,0.7024554,0.73667985,0.7324006,0.747727,0.743395,0.8125166,0.91857994,0.82536185,0.85233104,0.88982964,0.8543368,0.776109,0.6994161,0.6188341,0.38823435,0.46471995,0.5325074,0.4676646,0.43334234,0.5527118,0.5199532,0.62017804,0.76449615,0.76724184,0.75840896,0.82382363,0.73923224,0.76818365,0.8395297,0.90838575,0.9728676,0.9537655,0.82758915,0.8149652,0.6755738,0.55061966,0.7220884,0.77553314,0.729211,0.6929598,0.6917572,0.7114853,0.7831596,0.68275464,0.57453275,0.5228334,0.60589695,0.525312,0.49003866,0.53591895,0.48021886,0.46322668,0.4310063
0.8587602,0.9043194,0.93852735,0.953252,1.0290356,1.1251675,1.1243312,1.1011686,1.1071141,1.0219427,0.94452214,1.0228777,0.8616401,0.8052187,0.69027174,0.56203717,0.61598647,0.5780086,0.5050806,0.46442598,0.41763684,0.354662,0.5455977,0.7974832,0.9190931,0.89197844,0.90303624,0.87631744,0.87829435,1.0066587,1.0304552,0.9945451,1.0739847,0.9912622,0.92417204,0.8876348,1.0326806,0.94040865,0.9609611,1.0159392,0.99273133,0.8801753,0.7791766,0.7775733,0.5179943,0.6885537,0.7983257,0.74812406,0.68043905,0.518895,0.4575439,0.47816786,0.4460424,0.41617215,0.6865936,0.72446704,0.77124834,0.8323836,0.900974,0.81669563,1.0311399,1.007319,0.9498865,0.98170143,0.93600255,0.75084966,0.77551,0.7963203,0.7417629,0.8922267,0.86210096,0.71832603,0.83376133,0.7693579,0.65133303,0.60928977,0.60224617,0.70831126,0.6471499,0.81124,0.75462073,0.71461,0.58296347
1.0320578,1.0155615,1.0424088,1.0463763,1.0526155,0.9915016,0.93280745,0.86787385,0.89376915,0.86094385,0.86757565,0.8564,0.8288893,0.7795786,0.76662856,0.7923351,0.7882991,0.83801174,0.8686083,0.87763065,0.91511154,0.97460896,1.0387995,1.0832276,1.0800552,1.0174869,0.9670968,0.9183088,0.8973855,0.94717,0.9525656,0.8527925,0.9273845,0.9224914,0.9487177,0.958465,1.0655086,0.98681813,1.0107943,1.0383824,0.9908782,0.9003032,0.85251933,0.8431378,0.5736484,0.746066,0.8595475,0.7833613,0.7138994,0.84629315,0.8393271,0.95987403,1.0906337,1.0988312,1.1981614,1.1678892,1.1642524,1.1405312,1.1228094,0.99979424,1.1018882,1.0309838,0.8955025,0.90482205,0.8525753,0.78264856,0.8729986,0.98882514,0.9126171,0.914571,0.87040263,0.88493735,0.8661643,0.7946563,0.7067777,0.6851375,0.7075602,0.7471056,0.78087884,0.780079,0.8598661,1.0294547,1.0195808
0.9192405,0.975387,0.9673443,0.9877711,1.031246,1.0367949,1.0341657,1.041772,1.0674692,1.0197226,1.0205014,1.0094138,0.9372894,0.86909884,0.8383123,0.7668903,0.67772484,0.7211406,0.73664016,0.746394,0.85353774,0.94320685,1.0433631,1.1326438,1.1606005,1.098913,1.0416169,1.0224341,1.0120897,1.0021514,1.0416297,0.9376249,0.9879229,0.9984936,0.99063194,0.9212233,1.0317234,1.0548351,0.9948205,0.9985616,1.0386525,0.99346673,0.8982015,0.83144623,0.563644,0.7703749,0.87195176,0.7582056,0.6530063,0.8287339,0.9348562,1.0658692,1.1450895,1.1220533,1.2044692,1.1645687,1.1047646,1.141517,1.1288886,1.0303422,1.1321069,1.0521973,0.88037634,0.90743744,0.81996655,0.69879806,0.7338479,0.86131173,0.7593475,0.7196833,0.70921665,0.7368926,0.7151345,0.6230544,0.6296055,0.58101386,0.57832026,0.6558896,0.741462,0.7468755,0.81525266,0.9985549,0.9680972
0.9403823,0.9389385,0.87697095,0.9137282,0.9607672,0.90500325,0.8884552,0.96485275,1.0002234,0.9753068,0.96940374,1.0034561,0.9708948,0.9383953,0.9806146,1.0023068,1.0381769,1.0495894,1.0096457,0.99511445,1.0801107,1.12539,1.169104,1.2106901,1.1987578,1.105402,1.0761439,1.0278981,1.0055246,1.1204786,1.1642964,1.1161469,1.1016495,0.98819625,0.96588004,0.9200063,0.96031487,0.9315105,0.9830407,0.97709334,0.91934246,0.95217746,1.0311836,0.9885451,0.7006961,0.83478063,0.96295184,0.9160065,0.84546775,1.0044479,1.0370198,1.1250966,1.2327492,1.2687446,1.3369454,1.3369052,1.3380286,1.3350545,1.3105469,1.1796716,1.196875,1.140872,0.99068475,0.940408,0.8309644,0.84648246,0.84927934,0.8596744,0.9651114,0.96434337,0.9526314,1.0796992,1.0332692,0.89394855,0.7752708,0.8081887,0.906281,0.8920744,0.81795526,0.86804795,0.9299394,1.060514,1.015182
0.9584733,1.0032014,1.0832812,1.1299077,1.1539154,1.1363478,1.0994217,1.1324422,1.0576645,1.0398386,0.99790907,0.9833796,0.9464338,0.85097605,0.8094076,0.84388745,0.7754358,0.7667634,0.7813261,0.8567797,0.9988731,1.0077959,0.9882492,1.0033716,1.0300641,1.023225,0.9693851,0.82982284,0.7260318,0.84750617,0.8650878,0.8406698,0.9520418,0.97613245,1.0144578,0.9676578,1.0262933,0.9913076,0.90557855,0.8878632,0.90891916,0.8737266,0.90078574,1.000075,0.7109613,0.85161376,0.9683185,0.89774203,0.8169921,0.86681825,0.7729464,0.79394037,0.8947114,0.9064393,1.0323722,1.0751889,1.1229724,1.1227176,1.1289124,1.0263809,1.1073543,1.0660273,0.9802689,1.0260206,1.0111309,0.87984884,1.0530695,1.023654,0.95713425,0.99440753,0.9377842,1.0340831,0.9872918,0.8419142,0.8127776,0.73879486,0.9281243,0.92361844,0.87730676,0.85867035,0.817211,0.8514052,0.8538351
0.7184561,0.76245713,0.8926324,1.1384492,1.2530061,1.2346226,1.2542188,1.2939084,1.225957,1.256313,1.1916642,1.1475428,1.115044,1.0753449,0.92930794,0.8349577,0.7208025,0.6006077,0.54089755,0.5389416,0.5507529,0.6272121,0.79181516,0.9496781,1.0303551,1.0226704,1.04045,1.083489,1.0627555,0.9695468,1.0900828,1.0434461,1.1016133,1.1232797,1.2130923,1.140437,1.1359465,1.1088697,1.0715523,1.0693371,1.0587476,0.9697018,0.91361994,0.9728946,0.68680423,0.74486685,0.82001126,0.7274828,0.6167382,0.5598415,0.49904385,0.644274,0.78231853,0.81114364,1.0087633,1.0177561,1.0363353,1.1003181,1.0553249,0.9814995,1.0637323,0.98736477,0.85264635,0.9265191,0.84140116,0.7900518,1.0956857,1.2452389,1.2247878,1.2479833,1.1829684,1.1667299,1.1159788,0.9945934,0.8767269,0.80173314,0.958008,0.7848174,0.65924454,0.65686065,0.6101745,0.80679715,0.7984399
1.0162456,0.94357085,1.2193993,1.3013374,1.3709657,1.3431135,1.3387449,1.3919749,1.2633551,1.1975273,1.190138,1.1725855,1.2103055,1.120756,1.0278552,1.0906899,0.95142925,0.8963144,0.7981017,0.6809026,0.78922945,0.7553693,0.7941661,0.9375917,1.0129788,0.94728005,0.94601965,0.9431235,0.96660334,1.0811819,1.1095412,1.0376835,1.0864235,1.0384489,1.0836544,1.0064989,1.0948613,1.0691848,1.158873,1.2499504,1.2601485,1.1866487,1.1300375,1.1412797,0.83862936,0.8830633,0.9531601,0.86214995,0.8061261,0.88361365,0.7874917,0.8392615,0.95970136,0.9390072,1.0192991,1.01765,1.0554997,1.0651047,1.1005056,1.0532167,1.1674411,1.0972475,0.99561286,1.0781828,0.91713667,0.90293837,1.2369236,1.361142,1.3039135,1.3462152,1.2688026,1.1733378,1.0327348,1.0038362,0.92122144,0.87998104,0.97918415,0.8790156,0.7365557,0.6957021,0.7085909,0.7726056,0.71604156
0.82156175,0.7739186,0.71544147,0.7965019,0.776669,0.78573537,0.8071506,0.8056193,0.783468,0.8292246,0.8494121,0.7862587,0.90883136,0.9562506,0.8074013,0.74937063,0.8359428,0.7308014,0.60516095,0.5933691,0.5839374,0.5409465,0.60018885,0.72565377,0.7919111,0.76264596,0.7962232,0.7587459,0.6567362,0.63785654,0.6265575,0.6410084,0.5750278,0.5558266,0.49126923,0.52814305,0.861657,0.9115732,0.8525342,0.8211199,0.8104358,0.7354861,0.63290095,0.5838113,0.3606658,0.467062,0.56027126,0.53289956,0.50494295,0.4989717,0.54283017,0.68014187,0.70832455,0.6339448,0.97059435,0.8785311,0.8980225,1.0436323,1.0461926,0.811075,1.0008557,0.9182094,0.7627661,0.7491806,0.641733,0.77442205,0.72451705,0.74286294,0.6957083,0.807606,0.9154166,0.88289917,0.88064003,0.85585684,0.7986191,0.7269491,0.7390014,0.8368813,0.8460355,0.7592701,0.84614676,1.0150161,0.97714806
1.0468314,1.0310577,0.99548656,1.0789703,1.1408324,1.130151,1.0916938,1.0543048,0.99243045,0.9611565,0.96074253,0.94227576,0.92439985,0.89544547,0.83484566,0.7976416,0.7497939,0.78418714,0.86055946,0.9394148,1.0109906,1.0547708,1.0617551,1.0364852,0.9906772,0.9316625,0.8344555,0.73784304,0.71408767,0.8262363,0.97392815,0.90313566,0.9917119,0.8508035,0.85076094,0.71733755,0.79351115,0.7312456,0.8415055,0.86195,0.77293193,0.78656864,0.9232284,0.970646,0.6848123,0.8108276,0.94539654,0.90862656,0.86870444,1.052506,1.0652418,1.1387712,1.2568176,1.2871728,1.2812849,1.2842329,1.2509428,1.2093309,1.1654223,1.1272024,1.1757482,1.1399032,1.041066,0.9575289,0.7640986,0.6113373,0.87402475,0.9738929,0.98573196,1.0073171,1.0345333,1.1003873,1.0483983,0.91737485,0.8191088,0.787537,0.90109676,0.8915032,0.81498975,0.8286949,0.85047317,1.0121517,0.9645398
0.57835436,0.6224439,0.6240895,0.74981356,0.87940043,0.92014986,0.9268827,0.93464565,0.86707413,0.810892,0.87385446,0.82660854,0.754366,0.7067055,0.6404763,0.5167632,0.51347667,0.5645142,0.5023815,0.45306283,0.6104947,0.68131673,0.78905535,0.91331744,0.954588,0.8595553,0.7736284,0.6500615,0.5048539,0.48989043,0.46050876,0.51461136,0.63131565,0.71252817,0.9026829,0.96316683,1.1550361,1.0827363,1.1471744,1.157174,1.051992,0.9714048,0.96501726,0.89256656,0.6163074,0.8321405,0.9015437,0.738895,0.65455884,0.7911927,0.6971816,0.68467003,0.75320566,0.70388097,0.833487,0.826249,0.8392712,0.90728754,0.925891,0.7991572,0.8608192,0.78086287,0.63236845,0.5695439,0.49647182,0.49881074,0.69970596,0.8219185,0.843405,0.91071904,0.8868217,0.79857236,0.79357004,0.7731788,0.70969987,0.6567292,0.57916397,0.535822,0.46608114,0.58429897,0.4692263,0.46657163,0.38508037
0.81566864,0.9244018,0.8840021,0.96664953,0.9578116,0.9355332,0.9091446,0.8428906,0.8713026,0.9917298,0.8836659,0.84769624,0.8549004,0.8254951,0.84875447,0.7743878,0.6641457,0.56836563,0.46252015,0.42974925,0.561538,0.68230844,0.807975,0.90823346,0.92881906,0.84044164,0.7685578,0.7171651,0.73992395,0.8534472,0.8400304,0.76998776,0.88885295,0.9424598,0.93978506,0.9061822,0.9888879,0.93146783,0.9736535,1.0404105,1.0400885,0.9608539,0.9330654,0.995176,0.7065965,0.86606246,0.9539332,0.85724723,0.77874285,0.6227479,0.5913432,0.66861373,0.69107205,0.67073965,0.8749712,0.8866367,0.92160386,0.93940735,0.9286967,0.8194903,0.87703705,0.8052858,0.69641286,0.7536334,0.708775,0.7274401,1.0025868,1.1136584,1.05434,1.0478697,1.0832386,0.99853194,0.8823613,0.7648932,0.72738487,0.69668347,0.80236846,0.7337328,0.6429927,0.60564333,0.58049154,0.6803053,0.573598
1.0445044,1.0963289,1.0286355,1.1358451,1.1978061,1.1705089,1.1486156,1.1185654,1.0416521,1.0236225,0.9162676,0.88978004,0.8072684,0.78992206,0.75092065,0.7079932,0.5571098,0.4654145,0.38800958,0.36950785,0.5327768,0.6949735,0.8115369,0.8870904,0.92507213,0.9146541,0.83540183,0.80172634,0.82839274,0.84534025,0.84156567,0.7362423,0.98636025,0.9595754,1.0620106,1.0054852,1.1260672,1.0450636,1.1750265,1.2495942,1.1869321,1.0574142,0.9749478,0.9608892,0.6761813,0.7362993,0.8083658,0.7123149,0.5961029,0.5825979,0.45763052,0.5842843,0.7222065,0.67212224,0.88341206,0.8810021,0.9495863,0.964209,1.0266408,0.8739305,0.9156545,0.9448385,0.7779853,0.8107327,0.790562,0.8185127,0.97442734,1.1115757,1.0772451,1.109073,1.0627873,1.0456431,0.96817756,0.8752366,0.7317413,0.63472676,0.8006575,0.69899124,0.5936108,0.5225204,0.46714154,0.62110704,0.58635694
0.6186104,0.7082598,0.7149262,0.9634572,1.117354,1.0999995,1.0716698,1.0549463,1.0140547,0.9829023,0.93874514,0.91632044,0.91794455,0.81361306,0.73681885,0.655992,0.5345634,0.5133628,0.48123583,0.43056148,0.4421943,0.38950107,0.46785843,0.6234744,0.6693838,0.5534486,0.6408474,0.68136656,0.59455705,0.53784233,0.67025393,0.5958715,0.67505825,0.95953333,1.0170411,0.98462725,1.032986,1.1303478,1.0977342,1.1456673,1.2324691,1.2014163,1.1682134,1.2311308,0.9215159,0.9622385,0.9953455,0.8234872,0.73378366,0.80342835,0.62634856,0.6087503,0.736716,0.6899428,0.787791,0.85260963,1.0016178,1.0113437,1.0618583,0.9392356,0.97476435,0.88851905,0.89042974,0.78732675,0.7016341,0.7256404,0.98534536,1.0464181,1.0167254,1.0498242,1.044647,1.1676686,1.1268679,0.9631657,0.80395424,0.69044167,0.78471434,0.7635478,0.6098228,0.6241149,0.53199077,0.58502233,0.495068
0.8630415,0.9688124,0.9522222,0.9902242,0.94070274,0.9136715,0.881026,0.8632753,0.84364754,0.8201768,0.78340554,0.7334163,0.6870395,0.7138352,0.67014825,0.68143386,0.6199011,0.5781966,0.5474548,0.4804021,0.43028995,0.6374083,0.82588696,0.9260866,0.95730376,0.92869365,0.8201368,0.6544647,0.5876545,0.70962876,0.6826054,0.66689366,0.69550383,0.7691023,0.7460041,0.75158316,0.88716024,0.8744068,0.9390153,1.000897,1.011773,0.993068,0.96891063,0.9026934,0.6251173,0.69666725,0.7891565,0.7135748,0.5659123,0.58776194,0.47140378,0.53829217,0.6639286,0.68232614,0.93711066,0.9363482,0.95279676,0.98007977,0.9785801,0.8672519,1.0269496,0.9610521,0.82325035,0.92976314,0.8359538,0.75970435,0.9570492,0.98542064,0.95611393,0.9417325,0.92804897,0.8753389,0.821563,0.7161462,0.6985589,0.56715,0.55234563,0.62318975,0.53166896,0.6122331,0.54536533,0.7351498,0.6664091
0.6026553,0.6397794,0.70752704,0.7800547,0.8115885,0.9548354,1.0883086,0.9238872,0.88182986,0.9246343,0.86760664,0.7577976,0.8021429,0.8466877,0.78471035,0.6987639,0.61652386,0.76538515,0.83489037,0.75171816,0.62204087,0.75990534,0.8761883,0.9012969,0.9122225,0.9417976,0.7970552,0.67587173,0.7180376,0.7736365,0.8008908,0.8094853,0.8500971,1.0208528,0.93709606,0.853419,0.9771765,0.9461442,0.946271,0.9907778,0.98134667,0.84449583,0.7965239,0.97054535,0.6847232,0.72278124,0.8356101,0.75698614,0.5955706,0.74777853,0.6027601,0.5265499,0.61751294,0.61329377,0.80225515,0.8382152,0.856187,0.91646826,1.0417345,1.05353,1.0398731,0.9564575,0.84751457,0.8318502,0.7775783,0.7018028,0.9246428,0.908332,0.8929316,0.85515326,0.8501142,0.9599709,0.85634184,0.8035426,0.7935909,0.72718877,0.664491,0.6538197,0.56500596,0.6256734,0.642682,0.8116932,0.795682
1.0749868,1.0687188,1.0180184,1.0366929,1.1290151,1.1079155,1.0762266,1.0999852,1.1047953,1.1012688,1.1666415,1.1719022,1.1569257,1.1378189,1.1252713,1.0440532,1.049099,1.0541245,1.006815,0.96799123,1.0151004,1.0443982,1.0762941,1.1103282,1.10798,1.0447513,1.003968,0.9637735,0.9128547,0.9061192,0.94125295,0.7724249,0.85089046,0.79176253,0.93564373,0.98715967,1.1540114,1.2057761,1.283301,1.3223099,1.2975932,1.2405367,1.2349883,1.246632,0.93592834,1.1675013,1.292125,1.220254,1.1658318,1.1509311,1.0900904,1.0929859,1.1091986,1.0565343,1.1511643,1.1187656,1.1007974,1.0994542,1.1913046,1.0767672,1.1733282,1.103893,0.9666249,0.88003546,0.88116765,0.715514,0.79609036,0.9875379,0.9681191,0.9843753,1.0349258,1.0140747,1.0439668,1.0279125,1.0282634,0.92776936,0.90469176,0.8023163,0.74236745,0.6844672,0.64642656,0.83032846,0.84448385
0.8708776,0.8457499,0.8756804,0.93518937,0.8987661,0.9019313,0.93133646,0.9033291,1.0156534,1.1089406,1.073846,1.0317454,0.90981025,0.799896,0.7172421,0.60828364,0.5692663,0.7251098,0.73837084,0.6226694,0.6014525,0.70101714,0.88028866,1.0346266,1.0971978,1.0369813,0.9270627,0.8426321,0.8118802,0.8409783,0.9357295,0.9083337,0.9945932,0.9940988,0.95485365,0.90871716,0.9993308,0.9820449,1.0338542,1.0601271,1.0039968,0.8885275,0.8592949,0.92489856,0.64451504,0.96010673,1.1220418,1.0466019,0.86622083,0.7728546,0.5939209,0.6315575,0.74691355,0.7167847,0.91511077,0.86228347,0.8983327,0.95232224,0.99474454,0.89520496,1.0437049,0.9241705,0.77988625,0.80542135,0.71637076,0.7317937,0.83872104,0.90687436,0.8472259,0.83903503,0.89453685,0.9198909,0.85919946,0.7856287,0.77297294,0.67094594,0.7020401,0.74841386,0.6952531,0.62192494,0.58712643,0.73528,0.6386455
0.84131616,0.93724155,0.8286012,0.75017,1.0247719,0.9246943,0.79129845,0.67293304,0.5426792,0.71737605,0.6076341,0.564934,0.69003695,0.7095507,0.683223,0.5995804,0.7154695,0.66051114,0.5401985,0.45670575,0.46797818,0.7355434,0.8996239,0.94915545,0.95055634,0.93019223,0.76036847,0.6527581,0.6969135,0.6971935,0.67322403,0.63800263,0.68979686,0.6044162,0.7246816,0.74466586,0.7973851,0.75483763,0.91250944,1.0061,0.9960502,0.9566307,0.889996,0.72654694,0.47547406,0.52096474,0.5868697,0.52653694,0.49265224,0.7088393,0.720432,0.8083552,0.90925616,0.91011775,1.0357443,1.0206804,1.0494704,1.0311127,1.0597082,0.92392826,1.0110219,0.9312642,0.7287776,0.68908286,0.6007335,0.5540654,0.5900683,0.6079268,0.52345943,0.67996466,0.73674417,0.76853245,0.8241415,0.7113807,0.6819537,0.5314022,0.53338325,0.43378595,0.5738515,0.46454325,0.6046363,0.75743574,0.7988581
0.6917944,0.8597827,0.87190074,0.7673681,0.67745686,0.65047526,0.6291117,0.6350274,0.6329427,0.7705078,0.82305884,0.6875425,0.5849928,0.53586733,0.5285033,0.44725755,0.58454907,0.78928256,0.8565609,0.8804646,0.9768419,1.0432068,1.100697,1.149313,1.1588492,1.1191754,1.1086266,1.0557315,1.0218966,1.1054907,1.0610632,0.89485484,0.92361146,1.0503949,0.94725734,0.9779057,1.0460215,1.0593189,1.0447553,1.0925982,1.1570555,1.1527433,1.1160908,1.0713366,0.7749601,0.8630598,1.1053748,1.2065357,1.1753254,1.1773596,1.1128278,1.1031244,1.1224402,1.0743823,1.1380507,1.119772,1.1147267,1.0999514,1.1283011,1.0956687,1.1409264,1.0433387,0.8848895,0.9186935,0.77191585,0.6496721,0.6671911,0.7679329,0.6790657,0.768176,0.8725139,0.8142396,0.78143185,0.7169409,0.70342416,0.57178706,0.6198776,0.7240944,0.7129992,0.63581735,0.694994,0.8368455,0.725667
0.5355855,0.75362456,0.86963576,0.8633538,0.7813394,0.73438966,0.7176587,0.6142847,0.54097176,0.95858395,0.97422165,0.86100316,0.7756571,0.8288679,0.6172443,0.6138705,0.5212979,0.5266172,0.7148045,0.8268244,0.76644015,0.81515247,0.9351659,1.0129241,0.9857298,0.846738,0.8979941,0.9630648,0.8925638,0.7622098,0.97567165,0.8157958,0.8565785,1.0429928,0.8542042,0.7280792,0.6721685,0.90933293,0.87044406,0.88728637,0.97672635,0.91767603,0.83257973,0.91870725,0.63909554,0.5256742,0.7107492,0.7623573,0.5927483,0.7374067,0.562983,0.5595868,0.77019906,0.83523047,0.94080585,0.9638081,0.84379464,0.8106774,0.82489425,0.84248286,1.0130508,0.8114519,0.8058555,0.92488086,0.69716907,0.9265819,0.7454175,0.8913115,0.83574605,0.7555771,0.9519133,0.882508,0.72798145,0.5921417,0.4689535,0.4357362,0.5485583,0.8043636,0.83594555,0.65894806,0.6101496,0.70164186,0.57264906
0.92047346,0.8858891,0.7484131,0.8664933,0.9014259,0.8526736,0.8326065,0.8411015,0.7802332,0.92557544,0.89697385,0.8117504,0.8040896,0.8698028,0.8932497,0.8728671,0.87983537,0.86142534,0.8293289,0.8382262,0.92432415,1.0342902,1.1169308,1.171429,1.2140136,1.2320558,1.137037,1.0086857,0.94703555,0.94735473,0.8736585,0.83864963,0.94711465,1.0065835,1.0285914,0.96123844,0.99755645,0.9652048,1.0713552,1.1530972,1.1434039,1.0650713,1.0182533,1.028847,0.7366887,0.82053137,0.95618486,0.9354038,0.8708504,0.9520504,0.8727119,0.9182486,1.0342218,1.0384294,1.1158369,1.0678097,1.0757415,1.0477976,1.031863,0.92714393,1.0016592,0.90582156,0.76932186,0.795607,0.6462804,0.78705865,0.7870341,0.8251655,0.7923187,0.8905105,0.8943442,0.9791094,0.9188309,0.94936967,0.9541769,0.9223517,0.9271696,0.90527755,0.7369339,0.62959534,0.6776583,0.7666087,0.8119991
0.7634328,0.86937886,0.7725464,0.85726464,0.8943122,0.85720676,0.77944434,0.74383914,0.70928335,0.7198941,0.7619121,0.74516046,0.7767959,0.82830703,0.7116708,0.6636055,0.64261115,0.6405987,0.6623562,0.7089503,0.76231515,0.77350855,0.82191056,0.89188576,0.9019246,0.80943626,0.78045094,0.7214311,0.6245505,0.6034152,0.5312834,0.4514233,0.5677207,0.7444966,0.73899585,0.87499136,1.0292901,0.9977067,0.93563086,0.9568171,1.0165157,1.0299525,1.0229125,0.99108064,0.7029513,0.80940294,0.88611084,0.7490016,0.5603588,0.635279,0.45773065,0.44670707,0.5969126,0.608179,0.81203216,0.8261846,0.75359553,0.8477454,0.8984509,0.8272596,0.881516,0.8530075,0.67926776,0.69554764,0.58018625,0.48063013,0.6734361,0.7633456,0.69291824,0.7370324,0.76920724,0.74395895,0.73764277,0.7794338,0.7417918,0.6271745,0.55860853,0.5548465,0.5602427,0.6572884,0.62435466,0.7269129,0.69280446
0.7882309,0.8406828,0.7707369,0.80919987,0.8845463,0.82025665,0.80739987,0.7987637,0.80389565,0.79545504,0.8380259,0.84171754,0.7784262,0.74508464,0.6734268,0.5776638,0.5442638,0.54324085,0.6494403,0.761718,0.798922,0.8678252,0.9342855,0.962897,0.93688,0.86124426,0.8216829,0.7527125,0.6765272,0.69002116,0.648136,0.6031934,0.7096138,0.7968359,0.7848385,0.87406725,1.0184821,0.9751291,0.9430593,0.9687877,0.98109144,0.9183265,0.85638124,0.8585703,0.5869049,0.65459317,0.7362772,0.6581952,0.558135,0.562367,0.45708826,0.56737196,0.6787537,0.608376,0.8245412,0.74714166,0.798739,0.74351275,0.8166562,0.7230777,0.87365276,0.80274755,0.6937467,0.6934371,0.6150704,0.635946,0.7978072,0.90738344,0.82241946,0.8201504,0.79732686,0.88946414,0.8465647,0.80027133,0.75626093,0.67194015,0.74648434,0.6858837,0.69584763,0.69978,0.70686513,0.7528556,0.6910318
0.84160507,0.89309293,0.8010452,0.8599663,0.8906678,0.83438104,0.7984504,0.74348557,0.73036444,0.80099326,0.91714555,0.9180173,0.90181816,0.840548,0.803572,0.6782115,0.6180602,0.68490434,0.6526426,0.6225831,0.7626357,0.7468296,0.7771658,0.88696903,0.9253997,0.8338476,0.90689796,0.9024937,0.8048001,0.7802923,0.67517215,0.63952327,0.71430355,0.7135522,0.7436817,0.87519264,0.9885587,0.90060586,1.0083132,1.0805029,1.03698,0.9416779,0.89094293,0.8811676,0.60641867,0.6576466,0.7559913,0.6909565,0.550009,0.5914636,0.45149326,0.49982765,0.63463515,0.6433306,0.8630606,0.8143078,0.91453445,0.92259544,0.88707656,0.7597738,0.855835,0.83406585,0.72925425,0.7268329,0.6592251,0.68548435,0.9108674,0.9983563,0.92290735,0.9818495,0.9589374,0.9236642,0.83457816,0.81947005,0.73037505,0.6558544,0.6579887,0.5932707,0.53035975,0.5935025,0.6029011,0.7091935,0.68919116
1.1109148,1.1428723,1.1159946,1.1232929,1.1189032,1.1357086,1.1154221,1.074454,1.0938071,1.1210425,1.183248,1.2647107,1.2791766,1.269888,1.2900027,1.273361,1.2499952,1.2508696,1.2452826,1.2536012,1.2968073,1.2944794,1.3175708,1.3770183,1.4164762,1.4030197,1.4089409,1.4042991,1.3826517,1.3696089,1.3456367,1.2824743,1.2875717,1.3151776,1.3277888,1.3347898,1.3826065,1.3718432,1.322118,1.3035334,1.2999111,1.2540427,1.2591003,1.3142252,0.9991255,1.2170532,1.3582674,1.2982211,1.2320678,1.2750609,1.2160338,1.2149137,1.2700924,1.2748445,1.3476337,1.35337,1.3774902,1.4187055,1.4427254,1.4105957,1.4397568,1.4135485,1.3183928,1.3295654,1.2491634,1.1989994,1.2758224,1.3350264,1.2841053,1.3099399,1.3332429,1.3025169,1.3196727,1.3410704,1.3571774,1.3392439,1.3149166,1.3318819,1.3228774,1.276377,1.312076,1.3785931,1.365055
0.65187263,0.81529117,0.6480393,0.58723754,0.67450136,0.64139247,0.7139865,0.6935534,0.60421264,0.6686601,0.857771,0.76369756,0.79817265,0.86866516,0.9654581,0.8649114,1.0117947,1.0103165,0.9187772,0.8751861,0.9109443,0.8502164,0.8513386,0.9618452,1.059074,1.080753,1.1125654,1.109901,1.0824964,1.0471698,0.84054446,0.6854279,0.84169984,0.6852399,0.71908355,0.95224434,1.0378187,0.8879553,0.8431162,0.80519825,0.6834504,0.5770095,0.6024393,0.6473952,0.4110154,0.6556266,0.85702235,0.8890162,0.8793094,1.0128782,1.0078715,1.0621582,1.1658791,1.21719,1.3000371,1.3239954,1.2692282,1.2492496,1.2447027,1.1742454,1.1957257,1.1320617,0.9607993,0.88875294,0.74885136,0.78268605,0.76861763,0.80344653,0.77151734,0.72065926,0.77675974,0.7548928,0.712036,0.6922024,0.749516,0.74229985,0.6607945,0.7251696,0.7679661,0.74153125,0.94831944,1.1593302,1.2122676
0.9371547,0.9382741,0.93190277,0.9846539,1.0075274,0.980599,0.9408024,0.87775844,0.86434096,0.86189497,0.91554344,0.9378196,0.93748426,0.90236276,0.88506204,0.8709693,0.87094176,0.85581166,0.8169868,0.81464666,0.88589877,0.91174465,0.9684857,1.048766,1.0786159,1.0194474,0.9920732,0.95850945,0.92454714,0.93980974,0.91475856,0.86791015,0.8896562,0.9152717,0.9063357,0.90979856,1.0330831,1.002612,0.99109435,0.9793602,0.9413534,0.91297483,0.9368507,0.9402238,0.65796536,0.7900757,0.89281857,0.81696635,0.7087008,0.6552633,0.5609474,0.7083462,0.87714815,0.9057968,1.0368283,1.0836824,1.1380991,1.15138,1.2130333,1.1421342,1.1962583,1.1102722,0.96725476,0.94333684,0.8943068,0.8277884,1.03157,1.130118,1.0598007,1.0820231,1.0458515,0.99925953,0.9092437,0.8301153,0.77505803,0.6923392,0.7242836,0.7035152,0.6513214,0.68051004,0.67798686,0.7896369,0.81453884
1.1253687,1.1496099,1.1482086,1.1151868,1.0910472,1.0889586,1.0936377,1.0168074,1.085329,1.1020955,1.0910842,1.0534275,1.025804,1.0028031,0.8930486,0.92025715,0.9121346,0.8965178,0.89715964,0.9119539,0.91579676,0.8651202,0.94377357,1.0984454,1.167285,1.1182324,1.1959363,1.1955651,1.0979546,1.0723848,1.1034688,1.0158348,1.0629462,1.0697143,1.1022985,1.076882,1.2024993,1.1359756,1.1760709,1.1757774,1.0739919,0.97517556,0.9644532,0.94023216,0.65797275,0.96577275,1.1133682,1.0556036,1.0153165,1.1087539,1.036414,1.0335983,1.1076401,1.1240522,1.2287222,1.1782607,1.2011865,1.2408861,1.2738805,1.1925102,1.2731546,1.1791607,1.004018,1.0507711,0.95127684,0.8147042,0.8809082,1.0407732,0.9273401,0.8883887,0.97597873,0.9398446,0.842813,0.7744709,0.81486917,0.6831362,0.6770999,0.6607719,0.5998079,0.6106959,0.7081621,0.9187519,0.91574407
0.9403375,0.8856881,0.89119434,0.76899815,0.83010876,0.7378715,0.64114237,0.56493753,0.72303396,0.8954284,0.97167677,0.8970693,0.9596819,0.90544385,0.72124094,0.6015801,0.6703016,0.5433122,0.5410948,0.6721478,0.6665982,0.6065691,0.61615855,0.687791,0.72818434,0.7356482,0.88688475,0.8945025,0.76016504,0.68826705,0.7399352,0.7975205,0.6990198,0.8689136,0.79288435,0.710382,1.0061122,0.9551447,0.80159634,0.6928306,0.698253,0.7921481,0.84607244,0.74889845,0.4940104,0.4899452,0.77544224,0.88553315,0.7253543,0.81647813,0.62602186,0.57024086,0.75663394,0.8398476,0.99472845,1.0634717,1.0946447,1.0751823,1.0744009,0.9958609,1.1191468,0.9264325,0.76044416,0.77974266,0.6616663,0.6944676,0.64514744,0.81407565,0.63819647,0.70618105,0.80823636,0.85702765,0.76042384,0.7459439,0.7674574,0.7206085,0.7710854,0.8534825,0.78781974,0.81834424,0.6455766,0.71983385,0.7082374
1.1619208,1.1835499,1.156289,1.1570048,1.1213341,1.0729867,1.0343258,0.9447042,0.89233553,0.9362314,0.94503593,0.9195513,0.9228774,0.907442,0.8254794,0.7992694,0.7683262,0.7841888,0.7989625,0.82616234,0.8951171,0.9302602,0.98472327,1.0496546,1.0678587,1.009813,0.98305094,0.946157,0.9145764,0.94159216,0.9101951,0.8775806,0.96671736,0.9906644,1.0258105,1.0574309,1.1355376,1.0735108,1.0379397,1.0564888,1.061807,1.0046289,0.9526047,0.9461427,0.66317356,0.72760683,0.80961925,0.7375026,0.6910459,0.80219734,0.7488937,0.83746374,0.9876719,1.0335404,1.1287588,1.1342642,1.1463809,1.1403283,1.1685411,1.1565815,1.1925265,1.1459357,1.0559633,1.062924,0.9235317,0.89809614,0.9682423,1.0620611,0.9867898,1.0598394,1.0171337,0.9782804,0.9241223,0.94433725,0.8834312,0.84117687,0.8401433,0.84080315,0.7881575,0.7286174,0.8066687,0.9301734,0.89387375
0.8704734,0.9751245,0.8683974,0.9726305,0.96310604,0.86500275,0.66892934,0.58341,0.84238726,0.905464,0.93322885,0.85723025,0.76370776,0.6867202,0.63886005,0.7487006,0.66526663,0.6468234,0.6201041,0.6735968,0.8853334,0.9780719,1.0624183,1.148722,1.1759589,1.1135651,1.0933272,1.0723454,1.0465491,1.0527458,1.0021275,0.95021266,0.9830596,0.8865403,0.9165156,0.9026272,1.0068436,0.912192,0.9565146,1.025597,1.015342,0.9392378,0.9078189,0.9401415,0.65789306,0.8187993,0.99946654,1.0035919,0.8864312,0.8025592,0.7058347,0.68066573,0.6429423,0.5923967,0.9210129,0.76039016,0.90061337,1.160437,1.2354527,1.2234306,1.3219507,1.2867435,1.0891781,1.0511891,0.9294913,0.85641015,0.97569424,1.049388,0.9486594,0.9674589,0.9554297,1.0580156,1.0472167,0.93274695,0.8098364,0.72349644,0.94006485,0.91105497,0.9824278,1.0379206,1.0412289,1.1475424,1.0957282
0.88234115,0.9326367,0.9403659,0.9278196,0.8902906,0.898168,0.9422684,0.8624455,0.8516697,0.9979248,1.0662993,1.0191662,0.9966185,0.95644844,0.82165885,0.7144959,0.62042177,0.57591647,0.57183474,0.6244255,0.7113778,0.7030701,0.7597253,0.87183744,0.91106844,0.7981655,0.6992415,0.67652863,0.65883076,0.5910928,0.59861875,0.5828741,0.7311887,0.83051306,0.7871696,0.86199915,1.0097138,0.9619605,0.88863003,0.87672895,0.8684936,0.77608997,0.71564376,0.7858932,0.52499473,0.6360681,0.7440263,0.66993,0.54743356,0.5946747,0.47137898,0.46074727,0.5618315,0.6155185,0.8624787,0.92830706,0.95086193,0.9336265,0.9461549,0.8567688,1.0166099,0.93592757,0.8037721,0.863945,0.7269342,0.6933185,0.84159094,0.9779951,0.90498364,0.95452386,0.98006344,0.9846894,0.9381189,0.8315277,0.7683871,0.68011683,0.68685555,0.6036557,0.59624195,0.75878876,0.629169,0.57334834,0.49512118
0.8815958,0.91187143,0.972108,1.1186407,1.1025258,1.128953,1.1285092,1.0429759,0.9698561,0.9380982,0.89619195,0.8520575,0.8405383,0.83697504,0.8010706,0.87853116,0.8639441,0.9033817,0.9069068,0.90549976,0.9853114,1.0188084,1.0486075,1.0881742,1.1024789,1.0656604,1.0321406,0.98285496,0.947357,0.98464596,1.0006698,0.9481941,0.9870939,0.8518059,0.879225,0.85457695,0.9543826,0.84699297,1.0159748,1.087523,0.99604195,0.88478464,0.9105159,0.96659076,0.6812227,0.94426686,1.0723207,0.9940205,0.94338924,1.0045855,0.938253,0.98824793,1.0878394,1.0923492,1.2113476,1.2073094,1.2285922,1.2165312,1.1961204,1.1216704,1.1885391,1.0995783,0.9661486,0.98777765,0.838932,0.75187457,0.92773247,1.042029,0.90825576,0.8936027,0.83946794,0.9090316,0.89950794,0.90394145,0.8413316,0.80763584,0.8167772,0.77443725,0.66564745,0.6596477,0.5838346,0.7363933,0.6795548
1.0521516,1.0385445,1.0027145,1.0635356,1.0653234,1.0187901,0.9776231,0.9096446,0.8948486,0.8187138,0.85925865,0.930562,0.83886606,0.7871416,0.79366547,0.7019463,0.55776876,0.6238546,0.626592,0.61970735,0.78775984,0.8820049,0.9268683,0.9515576,0.9532618,0.9094141,0.8213698,0.88320917,0.94289577,0.8248813,0.8485116,0.74211735,0.914802,0.9039887,1.0385301,1.0129176,1.1083941,1.0334305,1.0731393,1.1087548,1.0917217,1.1005414,1.1470544,1.12099,0.8200781,1.0053272,1.0695834,0.9124738,0.83534265,0.84583366,0.71440583,0.750043,0.89899564,0.9325133,0.9697559,0.9756109,0.98629576,1.022556,1.0714959,1.0931556,1.2064072,1.1323273,1.0250458,1.0290242,0.95511556,0.886699,1.0277443,1.1787393,1.0970095,1.0724753,1.0181158,1.0217948,0.99735993,0.96025425,0.8842933,0.83710265,0.81274176,0.7512348,0.64078265,0.611522,0.59520435,0.783142,0.70769215
0.8187046,0.8441047,0.8501482,0.7112443,0.6851498,0.6273586,0.69845635,0.67095596,0.7931231,0.86207604,0.8346972,0.66456264,0.60017145,0.64056283,0.5246619,0.5039799,0.5505579,0.52288043,0.38887677,0.34516197,0.5141664,0.41426504,0.5021381,0.75655,0.86693084,0.7868802,0.8806856,0.8625727,0.7033553,0.68487126,0.76204455,0.626374,0.6716293,0.86012244,0.8875623,0.8173905,1.0438517,0.9871313,0.9311464,0.976226,1.0345594,1.0330862,1.0003864,0.95108944,0.66753197,0.5725292,0.6242334,0.659609,0.7022798,0.6683816,0.5349805,0.5853375,0.750592,0.83614093,0.9214972,1.0123622,1.0773231,1.0327389,1.0088749,0.89201576,0.95542526,0.7724458,0.61581755,0.7869048,0.72862804,0.67828125,0.76768863,0.8208019,0.7142515,0.7588482,0.79252326,0.7685025,0.77782214,0.73099643,0.7350799,0.62176347,0.79682064,0.7298733,0.6072674,0.61895704,0.64180255,0.6004729,0.5296007
0.9837775,1.0807331,1.0424385,0.9953755,1.0270557,0.97632384,0.9607439,0.91518444,0.99714756,0.9386295,0.91611,0.87204576,0.82614845,0.76796573,0.69555634,0.6546972,0.60104823,0.54032445,0.47912508,0.4918018,0.60192615,0.65437865,0.7745802,0.9136032,0.9622501,0.89288926,0.91873336,0.8757457,0.75824744,0.7446469,0.7314888,0.73724467,0.74583,0.8377892,0.9444703,0.95429736,1.0838327,1.0248972,1.049109,1.0853138,1.0871665,1.1038663,1.1464492,1.1293832,0.82774436,0.79669356,0.87697893,0.84014446,0.73149914,0.6637906,0.6152006,0.74923384,0.83892316,0.7980049,1.0361518,1.0069797,1.0583937,1.0454731,1.0889317,0.9511242,1.0544063,0.9036996,0.7911191,0.9060203,0.8387253,0.8323453,1.0011046,1.122168,1.0382867,1.0945554,1.0903844,1.0937896,1.0844768,1.0200684,0.9279833,0.81136477,0.84235525,0.74976563,0.68799,0.63518614,0.73757756,0.76573133,0.63763016
0.985527,0.90237397,0.82265055,0.9967419,0.995842,0.8610982,0.8031346,0.73332274,0.7849068,0.8552854,0.7118266,0.8301677,0.77711517,0.68855244,0.8138423,0.6861313,0.5290022,0.6882491,0.7066467,0.5708202,0.56884843,0.70031357,0.79404706,0.8393492,0.8839646,0.9318278,0.8554984,0.746224,0.6841935,0.6786891,0.7059445,0.6129417,0.8026857,0.7924237,0.8197561,0.68054664,0.9455548,0.855776,0.92334574,0.96594876,0.8931801,0.8180975,0.8851928,0.97383845,0.6876406,0.8764241,0.86487496,0.66126156,0.8092608,0.6880068,0.7595349,0.9056115,0.9354039,0.83373255,0.87293386,0.9801062,0.8914581,0.8373902,0.9478686,0.9809673,1.0532653,1.1011071,0.9853094,0.8510589,0.7205015,0.5944221,0.6188874,0.70812494,0.7802844,0.8355125,0.7419389,0.67034346,0.68488,0.68419725,0.57019144,0.5752807,0.671973,0.6506897,0.6157175,0.5748938,0.6140124,0.7440625,0.6042841
0.86044854,1.0623388,1.0715296,1.00134,0.93290025,0.8192625,0.79407895,0.8233669,0.7368078,0.77171844,0.72094303,0.6591991,0.6580451,0.6109059,0.6627907,0.75402665,0.75601166,0.6925957,0.6694188,0.68768406,0.6827927,0.71337026,0.81985664,0.93526036,0.98662144,0.94800043,0.91245484,0.8539847,0.84362984,0.9460821,0.9274839,0.8182383,0.79968303,0.8762149,0.8630083,0.880048,1.0436012,1.0208162,0.8812884,0.8913843,0.98272026,0.9263985,0.8191416,0.85702986,0.5855791,0.63312566,0.70565826,0.6330222,0.59838885,0.70910513,0.72498363,0.83275795,0.93228656,0.9447959,1.0890799,1.0523869,1.0855906,1.0817696,1.0923786,1.0111126,1.1055231,0.89621836,0.77351475,0.8066171,0.7684559,0.7428154,0.83408636,0.90134543,0.77715033,0.8776497,0.866876,0.78536385,0.79252356,0.71812534,0.68598163,0.6571161,0.6887191,0.6784407,0.7569114,0.60394764,0.8360944,0.9104595,0.89178693
0.908478,0.97028714,0.9227606,0.95849293,0.93490183,0.893117,0.8733494,0.79810894,0.7844663,0.8621759,0.8386758,0.74411094,0.75050056,0.7125269,0.6143426,0.53524697,0.5432441,0.58398455,0.64798206,0.721644,0.76906955,0.7497444,0.7688647,0.83892953,0.88483095,0.86735433,0.87797904,0.8420958,0.76510876,0.7278308,0.683886,0.69114697,0.6689468,0.76933914,0.81307113,0.87068903,1.0019121,0.9930684,0.9381281,0.91576284,0.9013157,0.8275233,0.7490674,0.7294198,0.4778486,0.5741739,0.68963605,0.6506452,0.5928077,0.7337762,0.6491333,0.7208833,0.87308776,0.9014146,1.0341717,1.0605143,1.0759785,1.0947499,1.1187484,1.0545828,1.1358343,1.0579624,0.9162569,0.9033934,0.8365443,0.80061704,0.9383811,1.0223519,0.9157654,0.9223046,0.9460579,0.97803247,0.9707722,0.8702165,0.74908715,0.63619167,0.78220063,0.7113284,0.6409837,0.61834794,0.6833755,0.79099256,0.83651984
1.1167715,1.031082,1.0018533,1.1406343,1.1334862,1.1136823,1.087402,1.0436118,0.9322556,0.9255352,0.9280052,1.0312482,0.98591995,0.8963485,0.83709294,0.70097744,0.6255288,0.69436693,0.6862294,0.6876858,0.8428038,0.89089644,0.8897906,0.8891214,0.8878838,0.8549504,0.76828796,0.7753849,0.80656266,0.77866614,0.93620867,0.8670754,0.8862246,0.844174,0.973634,0.8389783,1.077906,0.9648251,1.112363,1.230219,1.2081189,1.114825,1.101867,1.1636624,0.8591678,1.0659003,1.1948397,1.0894821,0.8831516,0.7951132,0.60265154,0.68049127,0.8574427,0.8413754,0.8846063,0.76034105,0.69105834,0.82250196,0.99596244,1.0624913,1.1846632,1.1692811,1.011255,0.86727035,0.7764136,0.7607588,1.0466852,1.1896787,1.1649325,1.1621497,1.1408635,1.1112759,1.0810292,1.1089042,1.0936217,1.1310568,1.1033334,1.0408201,0.95737183,0.8446663,0.69908077,0.8143553,0.80011106
0.80037564,0.97903174,0.97376025,1.0010594,0.9901872,0.92339,0.9253427,0.8926139,0.95039445,0.914155,0.8849618,0.83980215,0.8031555,0.775651,0.69762737,0.7087084,0.7615852,0.6437688,0.54183775,0.57510144,0.60378176,0.5601306,0.6253126,0.76963556,0.8466155,0.801723,0.78829277,0.76435065,0.7401547,0.76093787,0.73419285,0.7888812,0.80673885,0.9645257,0.87889534,0.9266711,1.042078,0.99146837,0.99199945,1.0025164,0.98893136,0.9909475,1.0311992,1.0277067,0.73566616,0.7716218,0.8363768,0.75351936,0.67879987,0.6957726,0.66198605,0.64765334,0.70508736,0.83617145,0.9918741,0.9727284,1.0964987,1.1090891,1.0868089,1.0067873,1.0846024,0.96063286,0.87427324,0.948824,0.8596375,0.8989376,1.0581281,1.1448627,1.1041013,1.1070094,1.0668116,1.0679513,1.0331243,0.9284738,0.8773747,0.77255094,0.89918655,0.9039273,0.81950814,0.69904983,0.69523305,0.7366597,0.7659648
0.7190676,0.8597464,0.7859206,0.6932581,0.7688444,0.64726454,0.72624594,0.5771134,0.69960874,0.7931629,0.9126646,0.70820314,0.8471298,0.71942514,0.5349952,0.43183184,0.61418253,0.48675033,0.5063045,0.7214789,0.7935259,0.6735755,0.6024256,0.68023825,0.72095907,0.61715287,0.69726324,0.7355255,0.6506444,0.52128947,0.52526945,0.675681,0.5669521,0.6749099,0.5337529,0.54452604,0.9172319,0.8846361,0.78209126,0.7541801,0.78686535,0.8176471,0.81589186,0.73234296,0.48026714,0.6034255,0.6207698,0.49636358,0.597833,0.7369913,0.7066354,0.76208824,0.78826547,0.76235366,1.154732,1.0929494,1.0277679,0.9892942,0.90951216,0.9423347,0.7938407,0.64841765,0.565922,0.84326285,0.7273455,0.688839,0.6959273,0.8729894,0.83161825,0.89498675,1.0930601,1.1729524,1.19738,1.1499082,1.1663979,1.057645,0.94300854,0.8880314,0.8259451,0.7234403,0.7947554,0.9620453,0.98040706
0.90287715,0.7453108,0.6673892,0.7299004,0.8136499,0.72263885,0.70767146,0.79456973,0.7717528,0.87481266,0.80254906,0.8303761,0.77465945,0.870643,0.96725905,0.8666682,0.7957954,1.0054966,1.0173976,0.9367418,1.0798295,1.1591839,1.1432768,1.0684186,0.9871877,0.9434246,0.8104213,0.62581784,0.6197946,0.8261331,0.8961882,0.98000544,1.0512335,0.94737124,1.02763,0.8618784,0.8042169,0.73432857,0.8739268,0.9296943,0.8695787,0.8391636,0.9363454,1.0116748,0.72131467,0.821347,0.85868883,0.7990132,0.9079722,0.7600247,0.72404104,0.875661,0.9479424,0.82935095,0.7989652,0.8374839,0.87845266,0.9404625,1.0998847,1.2182926,1.2273461,1.2458153,1.162969,1.0503154,0.9215556,0.96065265,0.94263214,0.9685036,0.9479476,0.95860976,0.9703435,0.92541707,0.8002888,0.73877496,0.7036019,0.6314179,0.7457305,0.6842534,0.6049063,0.68166506,0.81165826,0.9755032,0.87743324
0.52572155,0.6800731,0.5663517,0.50004053,0.7486479,0.61469686,0.7150031,0.859718,0.82508546,0.9389808,0.79041827,0.8029079,0.6754393,0.7635467,0.9490083,0.8356207,1.0250983,1.0534611,0.9176665,0.7980984,0.90706056,0.93348956,0.9093167,0.8729823,0.7925518,0.68440145,0.82760024,0.8651811,0.7377837,0.6018604,0.647881,0.6470975,0.61573166,0.8871964,0.83090556,0.7302619,0.712796,0.6135397,0.8718872,1.0246289,1.0486908,1.0607567,1.1467637,1.2021011,0.8946113,1.1172695,1.2083094,1.0540143,0.91368395,0.9063852,0.7326015,0.7330074,0.832828,0.7285272,0.8042844,0.72597116,0.66401577,0.7654237,0.7916216,0.78799355,0.9240646,0.9976454,0.8920577,0.7567329,0.62628704,0.5701676,0.73843277,0.8216702,0.81527525,0.72257984,0.7372574,0.90505105,0.82007086,1.0105485,1.0702145,1.0881338,0.97491235,0.8264513,0.755705,0.63543695,0.61662185,0.6689529,0.5753203
0.8158379,0.697731,0.68634015,0.70000523,0.7134925,0.6767962,0.6463251,0.7344591,0.981356,0.9067686,0.8578841,0.82901436,0.8495799,1.0623815,0.92309463,0.7953172,0.797649,0.6713989,0.5107981,0.44347042,0.51512665,0.7905871,0.9663648,1.021225,0.9718085,0.8332914,0.72394925,0.6327035,0.5481825,0.50430745,0.47793457,0.59362084,0.67113316,0.5820712,0.5424455,0.6788202,0.92649627,0.80298525,0.7207886,0.7808168,0.8336194,0.8199232,0.95942587,1.1635602,0.85907376,0.8013194,0.8645262,0.7940921,0.7585308,0.92842984,0.9248181,0.9225202,0.9937067,1.0941794,1.2256339,1.2143229,1.210647,1.2161174,1.1102784,0.909324,1.0033412,0.87490165,0.7053431,0.76928395,0.588858,0.5902176,0.6349001,0.80483276,0.8001106,0.8190034,0.811968,0.9121698,0.89952457,0.8863238,0.83626044,1.0305704,1.0594208,1.0112693,0.9252491,0.7989024,0.690784,0.9319748,0.86402684
0.6643592,0.76571816,0.8985708,0.94276047,0.93126494,0.9730486,0.90642536,0.6972666,0.64039385,0.7809689,0.78219223,0.8138823,0.873181,0.79912025,0.64089745,0.58914924,0.5773912,0.5140964,0.41335303,0.46569982,0.703092,0.8228244,0.91456974,0.9886914,0.99727744,0.92189777,0.9088648,0.8268627,0.6625047,0.6198152,0.6675575,0.67779773,0.5342029,0.6508819,0.66195863,0.5700884,0.87806153,0.9002482,0.87930924,0.93846893,1.0306201,1.0950495,1.1532816,1.1593606,0.85521466,0.9187298,0.9725502,0.8188433,0.67284155,0.7722159,0.6278567,0.6134258,0.71498716,0.62445235,0.7014145,0.761955,0.80558574,0.756923,0.8017744,0.8203721,0.93002754,0.9330727,0.8275313,0.91114336,0.8596481,0.8214207,0.8925289,0.9983915,0.9523077,0.9550462,0.95357037,0.9387933,0.9112066,0.81470156,0.7627732,0.63569164,0.6138003,0.50966907,0.42873707,0.6539718,0.5108212,0.56996155,0.5891795
1.0766505,1.1762698,1.1645045,1.1958597,1.2102149,1.154553,0.9961365,1.0262179,0.9833598,0.89226216,0.89777005,0.9832086,0.8267333,0.7285251,0.7910918,0.6776362,0.6260868,0.5146201,0.26618046,0.3128905,0.7210425,0.83433753,0.92217815,1.0190632,1.0342517,0.9174977,0.88844025,0.7659126,0.6100128,0.77665985,0.81583726,0.7098098,0.7242822,0.6641317,0.5943014,0.6195885,0.6660738,0.606826,0.9853374,1.0992377,0.9857585,0.81489784,0.781235,0.83019036,0.5625714,0.57394445,0.6816352,0.6799457,0.6526762,0.71816474,0.7011258,0.88703567,1.0528361,1.0676028,1.1618701,1.0617907,1.10488,1.0830917,1.0984056,1.0223203,1.0875355,1.0411466,0.84528726,0.8715196,0.82301295,0.92700124,0.8783542,0.92653155,0.9042822,0.98614097,0.90737087,1.006536,1.0082927,0.9971367,0.8331802,0.8153691,0.7242498,0.78614026,0.6745424,0.61664003,0.63380265,0.77432317,0.7861254
0.9217997,0.9608844,0.81265396,0.85998976,0.928989,0.82284904,1.0296097,1.1380031,1.0460691,0.89996606,0.79068047,0.78625304,0.7614423,0.7250515,0.72462565,0.64592004,0.7685028,0.9669343,1.0322518,1.0142744,1.021859,1.0505862,1.0648174,1.0629219,1.0656729,1.0766531,1.0305154,0.98133296,0.9861644,1.0414578,1.0707016,1.0312693,0.9982569,0.9339103,1.0362753,1.0839154,1.2001008,1.1979755,1.1064308,1.030944,0.9958563,0.94268066,0.9117524,0.9141087,0.63507575,0.65734035,0.862206,0.9144071,0.7699568,0.77865076,0.78286254,0.806243,0.7911361,0.8356454,1.2376436,1.2659209,1.2583518,1.4367762,1.4080136,1.3003091,1.2827258,1.2442651,1.0762261,0.96320504,0.9171005,0.73288155,1.1132635,1.2838895,1.0772619,1.1219684,1.1137222,1.1442858,1.1934849,1.0401438,0.9222357,0.8826542,1.11535,1.0835752,0.9414993,1.0359322,1.1129416,1.2308704,1.2261175
1.043961,1.1248286,1.1063566,1.1689782,1.1632346,1.1548607,1.1292464,1.0719799,1.0895944,1.0445443,1.0322154,1.0654107,0.9975779,0.92000633,0.86226875,0.8048685,0.84016544,0.8746785,0.8625906,0.8496939,0.8955733,0.94503486,0.99515235,1.0380993,1.0533512,1.0317281,1.0148568,0.99855065,1.0114924,1.0718724,1.077394,1.0322808,1.0642182,1.0531228,1.0825934,1.0487673,1.1007727,1.0287575,1.101746,1.1482213,1.0916657,0.9867797,1.0042044,1.1112549,0.81120026,0.8398074,0.92205507,0.85570914,0.80904335,0.8495483,0.75117433,0.8722862,1.0270144,1.0067004,1.1126144,1.1402739,1.1206976,1.0900991,1.1444924,1.1249605,1.1982005,1.16361,1.0865567,1.0864235,0.95662534,0.93766624,1.1200863,1.1949974,1.1173564,1.1840203,1.1420876,1.133774,1.0599871,1.0490698,0.95069635,0.9471956,0.96477526,0.9759912,0.90092516,0.799883,0.82922506,0.9608134,0.9643079
0.9201982,0.9536611,0.9497827,0.8910611,0.84497434,0.8403494,0.8656026,0.7588935,0.7835838,0.8283388,0.8308555,0.7737263,0.7912058,0.74590164,0.6462148,0.6060033,0.58271205,0.57995456,0.5802912,0.60736924,0.6654945,0.6609495,0.72744197,0.85137486,0.9264857,0.9124976,0.9117111,0.83499026,0.7139317,0.70528066,0.63078636,0.53687763,0.61284524,0.6785172,0.75695145,0.84227085,0.91844106,0.79202837,0.8020592,0.864448,0.878579,0.8565358,0.8195605,0.7402085,0.48678693,0.5435795,0.6226169,0.5406346,0.45709282,0.6828802,0.5128585,0.5298145,0.73336095,0.7816527,0.95350516,0.9870398,0.9677855,0.9775826,0.9860423,0.86602503,0.91000736,0.8607696,0.6824571,0.7332479,0.59297234,0.5655496,0.71550405,0.8803747,0.80509317,0.8138669,0.7931222,0.7998247,0.7455327,0.69442433,0.62089944,0.53773177,0.63948584,0.5376984,0.45599526,0.57905215,0.6768545,0.7607103,0.7581781
0.7571022,0.6364211,0.6586238,0.9500255,0.8610332,0.8606436,1.1505237,1.0276401,1.162676,1.1438102,1.2167819,1.0718306,1.2306225,1.2150078,1.0414741,0.9071394,0.8238692,0.81404424,0.84271747,0.8187642,0.7245956,0.84551865,0.93851215,0.9094753,0.7570314,0.62297577,0.92539483,1.1670198,1.1929106,0.9573459,0.87332207,0.8890484,0.9978833,0.986903,0.8394009,0.7725275,0.68293136,1.0665778,0.8938049,0.5129679,0.48172337,0.6288658,0.8390844,0.97994447,0.69305587,1.1071676,1.2555686,1.1777405,1.1297642,1.0976701,0.9290434,0.85417587,0.92331314,0.9109105,0.8508827,0.80507505,0.84350145,0.77361643,0.75639695,1.0001624,1.0465591,0.9656837,1.0562507,0.8292018,1.0184504,1.0889407,0.93236595,0.9958351,0.9148164,0.95963025,1.1516443,1.317709,1.1954432,1.0846341,1.0500764,0.9950999,1.0721306,1.1507474,1.0941633,1.0108685,0.84806895,0.8602636,0.68699884
0.9657335,0.9184488,0.95793134,1.1385459,1.2448173,1.1773883,1.191723,1.1897662,1.2871543,1.2656988,1.3051596,1.2754643,1.2216618,1.1524422,1.0038683,0.86843646,0.93628263,0.7369436,0.5013733,0.49546593,0.47321647,0.60833794,0.81961113,0.96417457,0.9775266,0.86693215,0.94015557,0.9054295,0.8065574,0.9105582,0.84921974,0.7190702,0.9332895,1.1719178,1.1433258,1.1230198,1.1297505,1.0306491,0.99616414,0.9861662,0.9652125,0.96976864,0.98914003,0.92698157,0.64634025,0.862897,0.93024826,0.7820949,0.7036796,0.6666799,0.5722694,0.52354294,0.58629566,0.72141975,0.8259421,0.6913867,0.8302175,0.87227815,0.8776095,0.770767,0.94242847,0.80711627,0.7403408,0.714818,0.73163164,0.7830419,0.98793846,1.0743992,1.0582292,1.075536,1.1216168,1.1331025,1.1072098,0.96540165,0.844753,0.7788809,0.86208415,0.8365199,0.75739586,1.0471323,0.8413869,0.7252728,0.74385566
1.1986184,1.2022642,1.1822261,1.2339534,1.2049627,1.1469749,1.0998759,1.0585905,1.065641,1.0970563,1.1240395,1.1406338,1.1083502,1.046382,0.98390305,0.905921,0.9120469,0.91494364,0.85733116,0.84315056,0.95260364,0.9385199,0.9029045,0.92124265,0.9616059,0.9808929,1.003759,0.9487981,0.9212994,1.0317824,0.9716356,0.9461936,0.9552319,1.0196036,1.0341134,1.0258126,1.0348594,0.95077175,0.9651917,0.995976,0.9708885,0.9025308,0.8934547,0.93680364,0.65495926,0.72468287,0.81295425,0.7404035,0.68905723,0.79681736,0.6688358,0.73508614,0.9036974,0.9319147,1.08737,1.1405958,1.16286,1.1498371,1.1535224,1.069205,1.1138932,1.059248,0.9489792,1.0126457,0.8990195,0.90494645,0.99947,1.0795178,1.0059265,1.0429754,0.9698359,0.954495,0.93602854,0.9479931,0.8790606,0.7871467,0.9502913,0.81153446,0.71739364,0.6295775,0.85114336,0.8963287,0.9270904
0.98662615,1.153052,1.1746308,1.1238508,1.0241637,0.89437616,0.9473729,1.0458752,0.95574117,0.907719,0.8769507,0.90834135,0.77770036,0.80938727,0.69373554,0.8697269,0.91075337,0.73441553,0.56268215,0.57592267,0.6268441,0.6444736,0.7666534,0.925163,1.002807,0.94540924,0.84671307,0.822008,0.8391534,0.80756456,0.77922356,0.7050292,0.8513407,0.71324134,0.6320533,0.7181243,0.85273296,0.9019481,1.0668035,1.0588822,0.8849302,0.8106014,0.92142516,0.9535231,0.6696781,0.5793223,0.6269357,0.57773584,0.45708916,0.48880404,0.5410988,0.75495565,0.9572552,1.0099764,0.95449775,1.0779933,1.0390347,0.99877083,0.97987443,1.1402059,1.1793132,1.164598,1.054008,1.0389404,0.95496386,0.93833387,1.013237,1.1114839,1.0677127,1.1474193,1.0954049,1.0391678,1.0826088,1.0858246,0.8903848,0.77586466,0.77087337,0.7582769,0.7123044,0.80996424,0.739663,0.91151905,0.84780526
0.8492918,0.9597928,0.95754176,0.9637649,0.93742526,0.86798745,0.8521851,0.8225083,0.83616936,0.82572037,0.9383353,0.88157964,0.81310993,0.7199642,0.678838,0.7950506,0.72327316,0.7320333,0.67004216,0.6611114,0.8706955,0.8519392,0.813171,0.8627935,0.8974268,0.81287867,0.722847,0.60633063,0.53349644,0.6703004,0.8028261,0.73097056,0.8047969,0.8052334,0.69046456,0.59277123,0.6453851,0.5235438,0.61491024,0.71282774,0.7253715,0.7190199,0.78341055,0.8463343,0.5763894,0.66400266,0.785196,0.7406976,0.6284743,0.6612292,0.5831011,0.6987404,0.8282597,0.7851128,0.94085515,0.993499,0.91569906,0.9385661,1.023471,0.92395824,0.96310854,0.9154198,0.88584256,0.81711674,0.6939919,0.63367915,0.7442493,0.77088547,0.72696996,0.94405353,0.8913896,0.85437566,0.8292551,0.8122825,0.78188914,0.67798704,0.7570382,0.7669759,0.701609,0.82187206,0.69318545,0.66605866,0.6370097
0.7123574,0.7056471,0.7574946,0.92528206,0.9954976,0.9832514,1.0278785,1.0309544,0.99078333,0.91512626,0.966156,0.9247327,1.057109,1.0900071,0.9915944,1.0009974,0.951774,0.9401003,0.973995,0.98652333,0.9549134,0.9969295,1.0576053,1.0939255,1.1051221,1.0885868,1.0042504,0.8811074,0.78664833,0.79145896,0.8320686,0.821249,0.91238505,1.052479,1.1015915,1.0426869,1.1501372,1.0858978,0.99702466,1.0160005,1.0677378,1.0430655,1.0310979,1.0709773,0.77463514,0.9582903,1.0751652,1.0175613,0.9856073,0.9755342,0.9275367,0.9626319,1.0202043,1.0201157,1.1259869,1.142581,1.1249146,1.1422288,1.138916,0.9699915,1.0465637,0.95049286,0.7754812,0.7804624,0.81610423,0.7671285,0.9917375,1.0535743,1.0487018,1.0783403,1.0701684,1.1116883,1.0846181,1.0138205,1.0011622,0.9498221,1.0648468,0.99225146,0.84741396,0.7331717,0.78029954,0.8934015,0.9667666
0.57846165,0.6464946,0.8146792,0.93716,1.0414641,1.0323619,1.0705037,1.1042874,1.0166419,1.0201194,0.96885383,0.9316936,0.89609075,0.884668,0.81204003,0.8574342,0.80786794,0.6822344,0.55820656,0.50382024,0.55634105,0.6741651,0.682794,0.5969705,0.5937337,0.7492197,0.7014828,0.5924324,0.6494584,0.8762569,1.0422319,1.0990343,1.221913,1.2389783,1.3057094,1.2557213,1.2710745,1.1797203,1.1780431,1.1869985,1.1560062,1.1355631,1.1424208,1.0955801,0.79693794,0.85041755,0.9337009,0.8660728,0.78792876,0.82073385,0.76356673,0.84658307,0.9315172,0.8717493,1.0268646,1.0198085,1.0459327,1.0218661,1.086651,1.006114,1.1101315,0.97729164,0.8728217,0.86947024,0.79282993,0.7501228,1.077071,1.2179749,1.1642249,1.2263268,1.156326,1.1191732,1.0688595,0.9932126,0.8887156,0.819541,0.88351905,0.7848183,0.6888795,0.6140233,0.6151165,0.6102687,0.5722
0.51496524,0.55536354,0.6973585,0.79224634,0.8602712,0.87475985,0.886634,0.95827407,0.9529914,0.9389098,0.9076223,0.86599225,0.8874441,0.80928177,0.70280826,0.8588909,0.75960237,0.61315197,0.43486792,0.36292312,0.56056577,0.60000736,0.6810612,0.81787443,0.8904164,0.8544388,0.86649084,0.83923364,0.7946082,0.86284924,0.92823684,0.79375434,0.8055685,0.8679445,0.9454352,0.90978056,1.0245041,0.9805223,0.9603007,0.9648863,0.95525366,0.93641984,0.92071974,0.85519165,0.5839977,0.8122072,0.9369088,0.9069244,0.93175834,0.98393583,0.8718115,0.8422579,0.88966775,0.87051487,1.0395741,1.0118935,1.027147,1.0499207,1.0349427,1.0182754,1.0985398,0.9893033,0.85018265,0.93983734,0.857843,0.69662756,0.779513,0.8477775,0.79175985,0.80899614,0.764443,0.82150996,0.7864388,0.7028399,0.779168,0.7386259,0.770311,0.7198943,0.6849791,0.6982867,0.6398136,0.7505222,0.77836967
0.62539816,0.726263,0.8323669,0.88377047,1.0606335,1.0602458,1.1187829,1.1485474,1.0953655,1.049536,0.9741884,0.8890348,0.83249116,0.7404659,0.6626747,0.76755035,0.6403279,0.6014936,0.5435788,0.49160144,0.6334548,0.72914606,0.844151,0.96063143,1.0125996,0.97447634,0.95562845,0.9261196,0.90909266,0.9686751,1.002336,0.94234306,1.0505892,1.0781624,1.1475455,1.1344967,1.1914898,1.0662825,1.0356256,1.0615258,1.050587,1.0056032,0.9769701,0.94883436,0.66554445,0.7166098,0.80689716,0.73444515,0.62348443,0.7093211,0.5532731,0.66902417,0.84437656,0.8015926,0.98078626,0.93920785,0.9727015,0.96260333,1.0232785,0.9218386,1.0774968,0.9904132,0.82722807,0.87497956,0.7546611,0.6821185,0.82414794,0.9776147,0.9453062,0.9346539,0.8720893,0.8736974,0.8263312,0.80590844,0.73080754,0.69706196,0.79247224,0.664246,0.5783762,0.6215478,0.5469336,0.6619705,0.6603551
1.0774437,1.1189647,1.127595,1.1603189,1.1675236,1.1239939,1.0652987,0.88047665,0.7701893,0.8394266,0.8346502,0.89427197,0.88218117,0.81650084,0.75333565,0.61168736,0.65428346,0.5487982,0.62174606,0.72659165,0.6066133,0.7446928,0.90278816,0.96098673,0.9375762,0.8759405,0.8567356,0.8460917,0.855993,0.9161954,0.941435,0.94293946,1.0066596,1.0091091,0.9870873,0.85480636,0.92934746,0.8354244,0.68576443,0.73815984,0.8855295,0.943547,0.959705,0.95348686,0.6696461,0.7714785,0.8872827,0.81625694,0.63430536,0.6238574,0.63284934,0.6350555,0.68358326,0.81962544,0.97532845,0.94346076,0.94029444,0.9792197,0.940775,0.9264013,1.0731663,1.0257907,0.8410635,0.88278276,0.71436375,0.638815,0.8062388,0.9443499,0.87026316,1.0373207,1.116181,1.143261,1.1730266,1.1228874,1.0232584,0.8733019,0.855882,0.8359731,0.7265714,0.79775953,0.60388434,0.54715437,0.62310505
0.90072274,0.8427775,1.0102942,1.0150541,1.0893768,1.1685057,1.1990635,1.0222485,1.0921862,1.1567171,1.1346996,1.1234052,1.1438363,1.146116,0.9694632,0.9585832,0.8816874,0.7667308,0.6047397,0.55830413,0.7706258,0.83583194,0.8036056,0.756191,0.7755413,0.8352811,0.6902846,0.5302089,0.6019678,0.75773793,0.78547573,0.8520048,0.8900933,0.87872535,0.8243331,0.88792557,0.98860896,0.98490775,0.97468907,0.8941047,0.79706323,0.8758288,0.9918004,0.92646366,0.64588636,0.83837277,1.0129906,1.0081238,0.87867635,0.79525757,0.7415633,0.6725575,0.56790704,0.525062,0.7355103,0.69156456,0.57248163,0.6968998,0.750245,0.73137194,1.058021,0.94091994,0.8671074,0.947163,0.88739425,0.6794686,0.8512428,1.0608096,0.90926415,0.84252936,0.86827195,1.0451512,0.98484886,0.9448932,0.92918915,0.9706296,0.9495216,0.8229006,0.65261924,0.84683716,0.88639253,0.8200054,0.9370759
